{
  "rows": [
    {
      "id":1,
      "distance": "633",
      "name": "前端实习工程师",
      "descriptor": "招聘前端实习工程师，要有一定的html5+css3+javascript开发经验",
      "job":"前端工程师",
      "Pay":"15",
      "way":"日薪"
    },
    {
      "id":2,
      "distance": "63",
      "name": "外卖配送员",
      "descriptor": "能吃苦，不怕风吹日晒，会使用通知手机，会用导航地图，能在规定时间内完成送单，有服务意识",
      "job":"送餐员",
      "Pay":"16",
      "way":"日薪"
    },
    {
      "id":3,
      "distance": "892",
      "name": "翡翠小城传菜员",
      "descriptor": "有一定的工作经验（最好是餐饮工作经验)，有吃苦耐劳的性子，做事能坚持",
      "job":"传菜员",
      "Pay":"13",
      "way":"日薪"
    },
    {
      "id":4,
      "distance": "613",
      "name": "厨房洗碗阿姨",
      "descriptor": "负责厨房洗碗，洗菜，工作简单，轻松。",
      "job":"洗碗工",
      "Pay":"16",
      "way":"jf 薪"
    },
    {
      "id":5,
      "distance": "729",
      "name": "奶茶师",
      "descriptor": "会做奶茶就行，一年以上工作经验",
      "job":"茶艺师",
      "Pay":"20",
      "way":"日薪"
    },
    {
      "id":6,
      "distance": "438",
      "name": "裱花师及学徒",
      "descriptor": "蛋糕西点制作，责任心，细心，对裱表工作积极热爱",
      "job":"面点学徒",
      "Pay":"18",
      "way":"日薪"
    },
    {
      "id":7,
      "distance": "192",
      "name": "维格斯咖啡师学徒",
      "descriptor": "热爱咖啡，热爱制作咖啡工作，良好的学习精神，与顾客沟通，收集更多的建议、评价、顾客的需求，再进行内部沟通、交流以便适度做整顿",
      "job":"咖啡师",
      "Pay":"25",
      "way":"日薪"
    },
    {
      "id":8,
      "distance": "235",
      "name": "外卖配送员",
      "descriptor": "能吃苦，不怕风吹日晒，会使用通知手机，会用导航地图，能在规定时间内完成送单，有服务意识",
      "job":"预订员",
      "Pay":"16",
      "way":"日薪"
    },
    {
      "id":9,
      "distance": "234",
      "name": "外卖配送员",
      "descriptor": "能吃苦，不怕风吹日晒，会使用通知手机，会用导航地图，能在规定时间内完成送单，有服务意识",
      "job":"送水工",
      "Pay":"16",
      "way":"日薪"
    },
    {
      "id":10,
      "distance": "456",
      "name": "职业洗发师",
      "descriptor": "能按美发店服务程序和规范，有礼貌的接待宾客，并提供一般的美发、咨询服务",
      "job":"洗头工",
      "Pay":"16",
      "way":"日薪"
    },
    {
      "id":11,
      "distance": "632",
      "name": "门市接待/导游",
      "descriptor": "门市接待/导游，持有导游证或有工作经验！",
      "job":"导游",
      "Pay":"16",
      "way":"日薪"
    },
    {
      "id":12,
      "distance": "632",
      "name": "门市接待/导游",
      "descriptor": "门市接待/导游，持有导游证或有工作经验！",
      "job":"导游",
      "Pay":"16",
      "way":"日薪"
    }
  ]
}
