{
  "rows": [
    {
      "id":1,
      "firm":"嘉兴禾码科技服务有限公司",
      "name": "前端实习工程师",
      "timeStart": "2016.7.8",
      "timeClear":"2016.9.9",
      "timeApply":"2016.7.5",
      "workSite":"嘉兴市海盐塘路464号",
      "job":"前端工程师",
      "Pay":"15",
      "way":"时薪",
      "balance":"月结",
      "interviewTime":"2016.8.1",
      "touchName":"周佳缘",
      "touchPhone":"13967314931",
      "interviewAdd":"嘉兴市海盐塘路464号",
      "interviewStatus":"0",
      "interviewText":"面试未邀请",
      "EntryInviteStatus":"0",
      "EntryInviteText":"入职未邀请",
      "EntryStatus":"0",
      "EntryText":"入职未接受"
    },{
      "id":2,
      "firm":"南京冰狼科技有限公司",
      "name": "IOS开发实习工程师",
      "timeStart": "2017.1.1",
      "timeClear":"2017.6.1",
      "timeApply":"2016.12.28",
      "workSite":"南京雨花台某路25号404室",
      "job":"IOS开发工程师",
      "Pay":"120",
      "way":"日薪",
      "balance":"月结",
      "interviewTime":"2017.1.1",
      "touchName":"小陈",
      "touchPhone":"13911111111",
      "interViewAdd":"南京雨花台某路25号404室",
      "interviewStatus":"1",
      "interviewText":"面试已邀请",
      "EntryInviteStatus":"0",
      "EntryInviteText":"入职未邀请",
      "EntryStatus":"0",
      "EntryText":"入职未接受"
    },{
      "id":3,
      "firm":"嘉兴圣龙马科技服务有限公司",
      "name": "安卓开发工程师",
      "timeStart": "2017.1.1",
      "timeClear":"2017.6.1",
      "timeApply":"2016.12.28",
      "workSite":"嘉兴市现代广场11楼208室",
      "job":"安卓开发工程师",
      "Pay":"100",
      "way":"日薪",
      "balance":"月结",
      "interviewTime":"2017.1.1",
      "touchName":"尹宏章",
      "touchPhone":"13922222222",
      "interViewAdd":"嘉兴市现代广场11楼208室",
      "interviewStatus":"1",
      "interviewText":"面试已邀请",
      "EntryInviteStatus":"1",
      "EntryInviteText":"入职已邀请",
      "EntryStatus":"0",
      "EntryText":"入职未接受"
    },{
      "id":4,
      "firm":"上海讯科自动化科技有限公司",
      "name": "安卓开发工程师",
      "timeStart": "2017.1.1",
      "timeClear":"2017.6.1",
      "timeApply":"2016.12.28",
      "workSite":"嘉兴市现代广场11楼208室",
      "job":"安卓开发工程师",
      "Pay":"100",
      "way":"日薪",
      "balance":"月结",
      "interviewTime":"2017.1.1",
      "touchName":"尹宏章",
      "touchPhone":"13922222222",
      "interViewAdd":"嘉兴市现代广场11楼208室",
      "interviewStatus":"1",
      "interviewText":"面试已邀请",
      "EntryInviteStatus":"1",
      "EntryInviteText":"入职已邀请",
      "EntryStatus":"1",
      "EntryText":"入职已接受"
    },{
      "id":5,
      "firm":"南京电子商务有限公司",
      "name": "安卓开发工程师",
      "timeStart": "2017.1.1",
      "timeClear":"2017.6.1",
      "timeApply":"2016.12.28",
      "workSite":"嘉兴市现代广场11楼208室",
      "job":"安卓开发工程师",
      "Pay":"100",
      "way":"日薪",
      "balance":"月结",
      "interviewTime":"2017.1.1",
      "touchName":"王侃",
      "touchPhone":"13922222222",
      "interViewAdd":"嘉兴市现代广场11楼208室",
      "interviewStatus":"1",
      "interviewText":"面试已邀请",
      "EntryInviteStatus":"0",
      "EntryInviteText":"入职已邀请",
      "EntryStatus":"0",
      "EntryText":"入职已拒绝"
    },{
      "id":6,
      "firm":"南京电子商务有限公司",
      "name": "安卓开发工程师",
      "timeStart": "2017.1.1",
      "timeClear":"2017.6.1",
      "timeApply":"2016.12.28",
      "workSite":"嘉兴市现代广场11楼208室",
      "job":"安卓开发工程师",
      "Pay":"100",
      "way":"日薪",
      "balance":"月结",
      "interviewTime":"2017.1.1",
      "touchName":"张三",
      "touchPhone":"13922222222",
      "interViewAdd":"嘉兴市现代广场11楼208室",
      "interviewStatus":"2",
      "interviewText":"面试被拒绝",
      "EntryInviteStatus":"0",
      "EntryInviteText":"入职已拒绝",
      "EntryStatus":"0",
      "EntryText":"入职未接受"
    }
  ]
}
