{
  "rows": [
    {
      "id":1,
      "name": "餐饮",
      "list":[
        {"id":101,"name":"服务员"},
        {"id":102,"name":"配餐员"},
        {"id":103,"name":"传菜员"},
        {"id":104,"name":"洗碗工"},
        {"id":105,"name":"迎宾/接待"}
      ]
    },
    {
      "id":2,
      "name": "旅游",
      "list":[
        {"id":201,"name":"导游"},
        {"id":202,"name":"旅游顾问"}
      ]
    },
    {
      "id":3,
      "name": "娱乐|休闲",
      "list":[
        {"id":201,"name":"放映员"},
        {"id":202,"name":"主持人"},
        {"id":203,"name":"礼仪/迎宾"}
      ]
    },
    {
      "id":4,
      "name": "淘宝职位",
      "list":[
        {"id":201,"name":"淘宝美工"},
        {"id":202,"name":"淘宝客服"},
        {"id":203,"name":"活动策划"}
      ]
    },
    {
      "id":5,
      "name": "教育",
      "list":[
        {"id":201,"name":"英文辅导"},
        {"id":202,"name":"数学辅导"},
        {"id":203,"name":"语文辅导"},
        {"id":204,"name":"全能家教"}
      ]
    }
  ]
}
